<?xml version="1.0" encoding="UTF-8" standalone="yes"?>
<addon id="script.quasar.cpasbien-rik91" name="Quasar Rik91's [COLOR FFD11526]Cpasbien[/COLOR] Provider" version="1.3.6"
       provider-name="mancuniancol,rik91">
    <requires>
        <import addon="xbmc.python" version="2.12.0"/>
        <import addon="plugin.video.quasar" optional="false"/>
    </requires>
    <extension point="xbmc.python.script" library="main.py">
        <provides>executable</provides>
    </extension>
    <extension point="xbmc.addon.metadata">
        <summary lang="en">Quasar Cpasbien Provider based on mancuniancol's works. Thanks for his great work.</summary>
        <summary lang="fr">Provider Cpasbien pour Quasar basé sur le travail de mancuniancol. Merci pour son super travail.</summary>
        <description lang="en">This provider allows to choose the quality of video torrent which will feed Quasar.
        You need to config the add-on before using Quasar
        It works with Movies and TV Shows</description>
        <description lang="fr">Ce provider permet de choisir la qualité de la vidéo torrent qui va alimenter Quasar.
        Vous devez config l'add-on avant d'utiliser Quasar 
        Il fonctionne avec Films et Séries TV</description>
        <language>fr</language>
        <platform>all</platform>
        <website>https://github.com/rik91/script.quasar.cpasbien-rik91</website>
        <forum>https://forums.tvaddons.ag/addon-releases/31572-pulsar-providers-unofficial-pulsar-repo.html</forum>
        <disclaimer lang="en">Some parts of the files provided by this addon can be illegal in your country. </disclaimer>
        <disclaimer lang="fr">Le téléchargement de certaines sources obtenues par cette extension peut être illégal dans votre pays selon les lois en vigueur.</disclaimer> 
        <license>GNU GENERAL PUBLIC LICENSE. Version 2, June 1991</license>
    </extension>
</addon>
